published,title,url
2026-10-09T11:00,金融研究所ディスカッション・ペーパー・シリーズ（E-Series : 英語版）（2026年収録分）,https://www.boj.or.jp/research/imes/dps/dps26_e.htm
2026-10-08T15:00,金融経済調査および統計作成事務に関する「短期リサーチスタッフ」の募集について,https://www.boj.or.jp/about/recruit/rec261008a.htm
2026-10-08T14:00,各地域からみた景気の現状（2026年10月支店長会議における報告）,https://www.boj.or.jp/research/brp/rer/rera261008.htm
2026-10-08T14:00,地域経済報告（さくらレポート、2026年10月）,https://www.boj.or.jp/research/brp/rer/rer261008.htm
2026-10-08T14:00,東海地域業況判断DI（9月）,https://www.boj.or.jp/statistics/other/toukai/toukai.xlsx
2026-10-08T14:00,関東甲信越地域業況判断DI（9月）,https://www.boj.or.jp/statistics/other/kantou/kantou.xlsx
2026-10-08T08:50,業種別・地域別直接投資（2026年第2四半期）,https://www.boj.or.jp/statistics/br/bop_06/bpdata/diiqcy.htm
2026-10-07T15:00,コール市場残高（9月）,https://www.boj.or.jp/statistics/market/short/call/call.xlsx
2026-10-07T14:00,消費活動指数,https://www.boj.or.jp/research/research_data/cai/index.htm
2026-10-07T10:00,営業毎旬報告（9月30日現在）,https://www.boj.or.jp/statistics/boj/other/acmai/release/2026/ac260930.htm
2026-10-07T08:50,マネタリーベースと日本銀行の取引（9月）,https://www.boj.or.jp/statistics/boj/other/mbt/mbt2609.pdf
2026-10-07T08:50,日本銀行の対政府取引（9月）,https://www.boj.or.jp/statistics/boj/other/tseifu/release/2026/seifu2609.pdf
2026-10-07T08:50,オペレーション（9月）,https://www.boj.or.jp/statistics/boj/fm/ope/m_release/2026/ope2609.xlsx
2026-10-06T17:00,バーゼル銀行監督委員会による議事要旨の公表について,https://www.boj.or.jp/finsys/intlact_fs/kisei/kis261006a.htm
2026-10-06T15:35,【挨拶】植田総裁（全国証券大会）,https://www.boj.or.jp/about/press/koen_2026/ko261006a.htm
2026-10-05T14:00,需給ギャップ・潜在成長率および労働需給関連指標,https://www.boj.or.jp/research/research_data/gap/index.htm
2026-10-05T08:50,日銀当座預金増減要因（10月見込み）,https://www.boj.or.jp/statistics/boj/fm/juqp/juqp2610.xlsx
2026-10-02T17:00,日本銀行が保有する国債の銘柄別残高,https://www.boj.or.jp/statistics/boj/other/mei/release/2026/mei260930.xlsx
2026-10-02T17:00,日本銀行が受入れている担保の残高（9月末）,https://www.boj.or.jp/statistics/boj/other/col/col2609.xlsx
2026-10-02T08:50,貸出約定平均金利（8月）,https://www.boj.or.jp/statistics/dl/loan/yaku/yaku2608.pdf
2026-10-02T08:50,マネタリーベース（9月）,https://www.boj.or.jp/statistics/boj/other/mb/mb.htm
2026-10-02T08:50,短観（9月）＜調査全容＞,https://www.boj.or.jp/statistics/tk/tankan09b.htm
2026-10-01T17:00,バーゼル銀行監督委員会による「バーゼルIIIモニタリングレポート」の公表について,https://www.boj.or.jp/finsys/intlact_fs/kisei/kis261001a.htm
2026-10-01T16:00,気候変動対応を支援するための資金供給オペレーションの実施スケジュールについて,https://www.boj.or.jp/mopo/mpmdeci/mpr_2026/mpr261001a.pdf
2026-10-01T15:00,令和8年台風第25号に伴う災害等に対する金融上の措置について（神奈川県）,https://www.boj.or.jp/about/bcp/fso/fso261001a.pdf
2026-10-01T13:00,日銀当座預金増減要因と金融調節（9月実績）,https://www.boj.or.jp/statistics/boj/fm/juqf/juqf09.xlsx
2026-10-01T08:50,金融政策決定会合における主な意見（9月17、18日開催分）,https://www.boj.or.jp/mopo/mpmsche_minu/opinion_2026/opi260918.pdf
2026-10-01T08:50,短観（9月）＜概要、要旨＞,https://www.boj.or.jp/statistics/tk/tankan09a.htm
2026-09-30T17:00,長期国債買入れ（利回り・価格入札方式）の四半期予定（2026年10～12月）,https://www.boj.or.jp/mopo/mpmdeci/mpr_2026/mpr260930a.pdf
2026-09-30T16:00,国債市場の流動性指標（8月）,https://www.boj.or.jp/paym/bond/ryudo.pdf
2026-09-30T15:30,令和8年台風第18号に伴う災害等に対する金融上の措置について（鹿児島県）,https://www.boj.or.jp/about/bcp/fso/fso260930a.pdf
2026-09-30T15:00,「AIに関するEMEAPノート：経済、金融安定、中央銀行業務への含意」の公表について,https://www.boj.or.jp/intl_finance/meeting/emeap/eme260930a.htm
2026-09-30T11:00,決済動向（8月）,https://www.boj.or.jp/statistics/set/kess/release/2026/kess2608.pdf
2026-09-28T08:50,企業向けサービス価格指数（8月）,https://www.boj.or.jp/statistics/pi/cspi_release/sppi2608.pdf
2026-09-28T08:50,金融政策決定会合議事要旨（7月30、31日開催分）,https://www.boj.or.jp/mopo/mpmsche_minu/minu_2026/g260731.pdf
2026-09-25T17:00,共通担保資金供給オペレーションの運用について,https://www.boj.or.jp/mopo/mpmdeci/mpr_2026/mpr260925a.pdf
2026-09-25T17:00,日本銀行が保有する国債の銘柄別残高,https://www.boj.or.jp/statistics/boj/other/mei/release/2026/mei260918.xlsx
2026-09-25T14:00,（日銀レビュー）証券会社による国債マーケットメイクビジネスの動向,https://www.boj.or.jp/research/wps_rev/rev_2026/rev26j13.htm
2026-09-25T14:00,（日銀レビュー）プライベートクレジットファンドの拡大と多様化について,https://www.boj.or.jp/research/wps_rev/rev_2026/rev26j12.htm
2026-09-25T14:00,（論文）重要物資の供給制約と輸入調達構造の変化,https://www.boj.or.jp/research/wps_rev/wps_2026/wp26j11.htm
2026-09-25T14:00,【地域の底力】三重県伊勢市（広報誌「にちぎん」No.87　2026年秋号）,https://www.boj.or.jp/about/koho_nichigin/backnumber/87-4.htm
2026-09-25T14:00,【対談】東京藝術大学学長・現代美術家　日比野克彦氏 vs 増一行審議委員（広報誌「にちぎん」No.87　2026年秋号）,https://www.boj.or.jp/about/koho_nichigin/backnumber/87-5.htm
2026-09-25T14:00,【インタビュー】書家、芸術家、大阪芸術大学教授　紫舟氏（広報誌「にちぎん」No.87　2026年秋号）,https://www.boj.or.jp/about/koho_nichigin/backnumber/87-3.htm
2026-09-25T14:00,消費者物価のコア指標,https://www.boj.or.jp/research/research_data/cpi/index.htm
2026-09-25T14:00,広報誌「にちぎん」（2026年秋号掲載）,https://www.boj.or.jp/about/koho_nichigin/index.htm
2026-09-25T10:00,営業毎旬報告（9月20日現在）,https://www.boj.or.jp/statistics/boj/other/acmai/release/2026/ac260920.htm
2026-09-25T08:50,BIS国際資金取引統計および国際与信統計の日本分集計結果,https://www.boj.or.jp/statistics/bis/ibs/index.htm
2026-09-24T16:00,令和8年台風第25号に伴う災害等に対する金融上の措置について（千葉県、東京都）,https://www.boj.or.jp/about/bcp/fso/fso260924a.pdf
2026-09-24T15:20,【記者会見】植田総裁（9月18日分）,https://www.boj.or.jp/about/press/kaiken_2026/kk260924a.pdf
2026-09-24T08:50,FSBレポ統計の日本分集計結果,https://www.boj.or.jp/statistics/bis/repo/index.htm
2026-09-18T16:50,総裁記者会見（9月18日）動画の配信開始,https://www.boj.or.jp/about/release/sousaidouga.htm
2026-09-18T12:30,「補完当座預金制度基本要領」の一部改正について,https://www.boj.or.jp/mopo/mpmdeci/mpr_2026/mpr260918b.pdf
2026-09-18T12:15,「気候変動対応を支援するための資金供給オペレーション基本要領」の一部改正等について,https://www.boj.or.jp/mopo/mpmdeci/mpr_2026/mpr260918a.pdf
2026-09-18T12:10,（参考）金融市場調節方針の変更（2026年9月金融政策決定会合）,https://www.boj.or.jp/mopo/mpmdeci/mpr_2026/k260918b.pdf
2026-09-17T16:00,実質輸出入の動向,https://www.boj.or.jp/research/research_data/reri/index.htm
2026-09-17T08:50,資金循環統計（速報）（2026年第2四半期）,https://www.boj.or.jp/statistics/sj/sj.htm
2026-09-16T17:00,業態別の日銀当座預金残高（8月）,https://www.boj.or.jp/statistics/boj/other/cabs/cabs.xlsx
2026-09-15T15:00,日・マレーシア間の第三次二国間通貨スワップ契約の署名,https://www.boj.or.jp/intl_finance/cooperate/coop260915a.pdf
2026-09-14T17:00,日本銀行が保有する国債の銘柄別残高,https://www.boj.or.jp/statistics/boj/other/mei/release/2026/mei260910.xlsx
2026-09-14T11:00,（論文）金融研究所DPS：ユーザブルセキュリティ研究の現状と展望,https://www.boj.or.jp/research/imes/dps/dps260914b.htm
2026-09-14T11:00,（論文）金融研究所DPS：2026年国際コンファランスの模様,https://www.boj.or.jp/research/imes/dps/dps260914a.htm
2026-09-14T11:00,金融研究所ディスカッション・ペーパー・シリーズ（E-Series : 英語版）（2026年収録分）,https://www.boj.or.jp/research/imes/dps/dps26_e.htm
2026-09-14T10:00,営業毎旬報告（9月10日現在）,https://www.boj.or.jp/statistics/boj/other/acmai/release/2026/ac260910.htm
2026-09-11T16:30,日本銀行政策委員会月報（令和8年7月号）,https://www.boj.or.jp/about/organization/policyboard/pb_geppo/pbgp2607.htm
2026-09-11T15:00,BIS決済・市場インフラ委員会及び証券監督者国際機構による市中協議文書「サイバーレジリエンス実用ツール集: FMIのための実務的考慮事項」及び「『金融市場インフラ（FMI）のサードパーティ業者への依存: 課題およびリスク』に関するディスカッション・ペーパー」の公表について,https://www.boj.or.jp/paym/intlact_pm/cpss/cpss260911a.htm
2026-09-11T13:50,【記者会見】増審議委員（福井、9月10日分）,https://www.boj.or.jp/about/press/kaiken_2026/kk260911a.pdf
2026-09-11T08:50,企業物価指数（8月）,https://www.boj.or.jp/statistics/pi/cgpi_release/cgpi2608.pdf
2026-09-10T16:30,フェイルの発生状況（8月）,https://www.boj.or.jp/statistics/set/bffail/sjgb2608.pdf
2026-09-10T15:00,「日銀夏休み親子見学会2026」を開催しました（8月20日＜木＞～25日＜火＞）,https://www.boj.or.jp/about/pr_events/hontenkoho/hon260910.htm
2026-09-10T08:50,デリバティブ取引に関する定例市場報告,https://www.boj.or.jp/statistics/bis/yoshi/index.htm
2026-09-09T12:30,令和8年台風第24号及び前線による大雨に伴う災害等に対する金融上の措置について（愛知県）,https://www.boj.or.jp/about/bcp/fso/fso260909a.pdf
2026-09-09T10:00,日本銀行やその役職員の関与を装った不審な連絡・勧誘・ウェブサイト・SNSアカウントなどにご注意ください,https://www.boj.or.jp/about/organization/notice/index.htm
2026-09-09T08:50,マネーストック（8月）,https://www.boj.or.jp/statistics/money/ms/ms2608.pdf
2026-09-08T08:50,貸出・預金動向（8月）,https://www.boj.or.jp/statistics/dl/depo/kashi/kasi2608.pdf
2026-09-07T11:00,令和8年台風第24号及び前線による大雨に伴う災害等に対する金融上の措置について（鹿児島県）,https://www.boj.or.jp/about/bcp/fso/fso260907a.pdf
2026-09-07T08:50,マネタリーベースと日本銀行の取引（8月）,https://www.boj.or.jp/statistics/boj/other/mbt/mbt2608.pdf
2026-09-07T08:50,日本銀行の対政府取引（8月）,https://www.boj.or.jp/statistics/boj/other/tseifu/release/2026/seifu2608.pdf
2026-09-07T08:50,オペレーション（8月）,https://www.boj.or.jp/statistics/boj/fm/ope/m_release/2026/ope2608.xlsx
