seen_on,db,code,obs_date
,MD01,MABS1AN11,2026-08
,MD01,MABS1AN11@,2026-08
,MD01,MABS1AN113,2026-08
,MD06,MASDM@07,2026-08
,MD06,MASDM58,2026-08
,MD06,MASDM4,2026-08
,BS01,MABJMA5B,2026-08
,PR01,PRCG20_2200000000,2026-08
,PR01,PRCG20_2200000000%,2026-08
,PR01,PRCG20_2600000000%,2026-08
,PR02,PRCS20_5200000000%,2026-08
,MD02,MAM1YAM2M2MO,2026-08
,MD02,MAM1YAM3M3MO,2026-08
,MD13,FAAPOBAL1@,2026-08
,IR04,DLLR2CIDBNL1,2026-07
,IR04,DLLR2CIDBST1,2026-07
,FM04,STTACLUTS1,2026-08
,LA05,DLLSDLPB,2026Q3
,LA05,DLLSDLPH,2026Q3
,CO,TK99F1000601GCQ01000,2026Q2
,CO,TK99F2000601GCQ01000,2026Q2
,CO,TK99F0000204HCQ00000,2026Q2
,FF,FOF_FFAS430A900,2026Q2
,FF,FOF_FFAS430A100,2026Q2
,FF,FOF_FFAS430A334,2026Q2
,BP01,BPBP6JYNCB,2026-07
,BP01,BPBP6JYNTB,2026-07
,BP01,BPBP6JYNSN,2026-07
,BP01,BPBP6JYNPIN,2026-07
,BP01,BPBP6JYNFB,2026-07
,BP01,BPBP6JYNFB1,2026-07
,BP01,BPBP6JYNFB2,2026-07
,BP01,BPBP6JYNSN2,2026-07
,BP01,BPBP6JYNSN906,2026-07
,BP01,BPBP6JYNSN907,2026-07
,CPI,CPI_ALL_YOY,2026-08
,CPI,CPI_CORE_YOY,2026-08
,CPI,CPI_CORECORE_YOY,2026-08
,STAT,CPI_TKY_ALL_YOY,2026-08
,STAT,CPI_TKY_CORE_YOY,2026-08
,STAT,CPI_TKY_CORECORE_YOY,2026-08
,STAT,CTI_TOTAL_REAL,2026-07
,STAT,CTI_TOTAL_REAL_YOY,2026-07
,ESTAT,LFS_UNEMP_RATE,2026-07
,ESTAT,LFS_EMPLOYED,2026-07
,ESTAT,SVC_SALES_YOY,2026-07
,ESTAT,SVC_ICT_YOY,2026-07
,ESTAT,SVC_HOTEL_FOOD_YOY,2026-07
,ESTAT,POP_TOTAL,2026-04
,ESTAT,POP_NET_MIGRATION,2026-03
,ESTAT,KAKEI_CONS_REAL_YOY,2026-07
,ESTAT,KAKEI_GOODS_REAL_YOY,2026-07
,ESTAT,KAKEI_SVC_REAL_YOY,2026-07
,ESTAT,KAKEI_CONS_AMOUNT,2026-07
,ESTAT,KOURI_TKY_RICE,2026-08
,ESTAT,KOURI_TKY_EGG,2026-08
,ESTAT,KOURI_TKY_GASOLINE,2026-08
,ESTAT,IDOU_TOKYO_AREA_NET,2026-07
,ESTAT,IDOU_TOKYO_NET,2026-07
2026-09-30,ESTAT,IDOU_TOKYO_AREA_NET,2026-08
2026-09-30,ESTAT,IDOU_TOKYO_NET,2026-08
,ESTAT,TRADE_EXPORTS,2026-08
,ESTAT,TRADE_IMPORTS,2026-08
,ESTAT,TRADE_BALANCE,2026-08
,ESTAT,TRADE_EXPORTS_YOY,2026-08
,ESTAT,TRADE_IMPORTS_YOY,2026-08
,ESTAT,TRADE_EX_USA,2026-08
,ESTAT,TRADE_EX_USA_YOY,2026-08
,ESTAT,TRADE_IM_USA,2026-08
,ESTAT,TRADE_IM_USA_YOY,2026-08
,ESTAT,TRADE_EX_CHINA,2026-08
,ESTAT,TRADE_EX_CHINA_YOY,2026-08
,ESTAT,TRADE_IM_CHINA,2026-08
,ESTAT,TRADE_IM_CHINA_YOY,2026-08
,ESTAT,TRADE_EX_EU,2026-08
,ESTAT,TRADE_EX_EU_YOY,2026-08
,ESTAT,TRADE_IM_EU,2026-08
,ESTAT,TRADE_IM_EU_YOY,2026-08
,ESTAT,TRADE_EX_ASEAN,2026-08
,ESTAT,TRADE_EX_ASEAN_YOY,2026-08
,ESTAT,TRADE_IM_ASEAN,2026-08
,ESTAT,TRADE_IM_ASEAN_YOY,2026-08
,ESTAT,TRADE_EX_TAIWAN,2026-08
,ESTAT,TRADE_EX_TAIWAN_YOY,2026-08
,ESTAT,TRADE_EX_TW_NAND,2026-08
,ESTAT,TRADE_EX_TW_NAND_YOY,2026-08
,ESTAT,TRADE_EX_TW_DRAM,2026-08
,ESTAT,TRADE_EX_TW_DRAM_YOY,2026-08
,ESTAT,TRADE_EX_TW_MEM_DIE,2026-08
,ESTAT,TRADE_EX_TW_MEM_DIE_YOY,2026-08
,ESTAT,TRADE_EX_TW_MLCC,2026-08
,ESTAT,TRADE_EX_TW_MLCC_YOY,2026-08
,ESTAT,TRADE_EX_TW_IC,2026-08
,ESTAT,TRADE_EX_TW_IC_YOY,2026-08
,ESTAT,TRADE_EX_TW_SEMI_EQUIP,2026-08
,ESTAT,TRADE_EX_TW_SEMI_EQUIP_YOY,2026-08
2026-10-02,MD01,MABS1AN11,2026-09
2026-10-02,MD01,MABS1AN11@,2026-09
2026-10-02,MD01,MABS1AN113,2026-09
2026-10-02,CO,TK99F1000601GCQ01000,2026Q3
2026-10-02,CO,TK99F2000601GCQ01000,2026Q3
2026-10-02,CO,TK99F0000204HCQ00000,2026Q3
2026-10-02,STAT,CPI_TKY_ALL_YOY,2026-09
2026-10-02,STAT,CPI_TKY_CORE_YOY,2026-09
2026-10-02,STAT,CPI_TKY_CORECORE_YOY,2026-09
2026-10-02,ESTAT,LFS_UNEMP_RATE,2026-08
2026-10-02,ESTAT,LFS_EMPLOYED,2026-08
2026-10-02,ESTAT,KOURI_TKY_RICE,2026-09
2026-10-02,ESTAT,KOURI_TKY_EGG,2026-09
2026-10-02,ESTAT,KOURI_TKY_GASOLINE,2026-09
2026-10-05,MD06,MASDM58,2026-09
2026-10-05,MD06,MASDM4,2026-09
2026-10-05,IR04,DLLR2CIDBNL1,2026-08
2026-10-05,IR04,DLLR2CIDBST1,2026-08
