detected_on,obs_date,db,code,name,type,dir,detail
2026-09-28,2026-09-24,FM01,STRDCLUCON,無担保コールO/N物レート（平均）,急変,上昇,+0.250%pt（z=+201.9）
2026-09-28,2026-09-24,FM01,STRDCLUCON,無担保コールO/N物レート（平均）,トレンド転換,上昇,20期移動平均が60期移動平均を上抜け
2026-09-28,2026-09-24,FM01,STRDCLUCON,無担保コールO/N物レート（平均）,1年高値更新,上昇,1.227%
2026-09-28,2026-09-24,FM08,FXERD31,ユーロドル 9時（東京市場）,急変,低下,-0.82%（z=-3.0）
2026-09-28,2026-09-24,IR01,MADR1Z@D,基準貸付利率（日次）,急変,上昇,+0.250%pt
2026-09-28,2026-09-24,IR01,MADR1Z@D,基準貸付利率（日次）,トレンド転換,上昇,20期移動平均が60期移動平均を上抜け
2026-09-28,2026-09-24,IR01,MADR1Z@D,基準貸付利率（日次）,1年高値更新,上昇,1.5%
2026-09-28,2026-08,MD01,MABS1AN11,マネタリーベース平均残高,1年安値更新,低下,"5,430,070億円"
2026-09-28,2026-08,MD01,MABS1AN11@,マネタリーベース平均残高 前年比,急変,低下,-1.900%pt（z=-2.3）
2026-09-28,2026-08,MD01,MABS1AN11@,マネタリーベース平均残高 前年比,1年安値更新,低下,-15.7%
2026-09-28,2026-08,MD01,MABS1AN113,マネタリーベース うち日銀当座預金,1年安値更新,低下,"4,234,230億円"
2026-09-28,2026-08,MD06,MASDM@07,日銀当座預金（増減要因）,1年安値更新,低下,"4,243,220億円"
2026-09-28,2026-08,MD06,MASDM58,金融調節 国債買入,1年安値更新,低下,"23,212億円"
2026-09-28,2026-09-25,MOF,JGB2Y,国債利回り 2年,1年高値更新,上昇,1.948%
2026-09-28,2026-08,PR02,PRCS20_5200000000%,企業向けサービス価格指数 前年比,1年高値更新,上昇,3.7%
2026-09-28,2026-07,IR04,DLLR2CIDBST1,貸出約定平均金利 残高・国内銀行,1年高値更新,上昇,1.483%
2026-09-28,2026Q3,LA05,DLLSDLPB,資金需要判断DI 企業向け（主要銀行アンケート）,トレンド転換,低下,2期移動平均が4期移動平均を下抜け
2026-09-28,2026Q3,LA05,DLLSDLPB,資金需要判断DI 企業向け（主要銀行アンケート）,1年安値更新,低下,-1%pt
2026-09-28,2026Q2,CO,TK99F1000601GCQ01000,短観 業況判断DI 大企業製造業,急変,上昇,+5.000%pt（z=+2.9）
2026-09-28,2026Q2,CO,TK99F1000601GCQ01000,短観 業況判断DI 大企業製造業,1年高値更新,上昇,22%pt
2026-09-28,2026Q2,CO,TK99F2000601GCQ01000,短観 業況判断DI 大企業非製造業,1年高値更新,上昇,37%pt
2026-09-28,2026Q2,CO,TK99F0000204HCQ00000,短観 企業の物価見通し 1年後,1年高値更新,上昇,2.7%
2026-09-28,2026Q2,FF,FOF_FFAS430A900,資金循環 家計の金融資産 合計,急変,上昇,+4.58%（z=+3.2）
2026-09-28,2026Q2,FF,FOF_FFAS430A900,資金循環 家計の金融資産 合計,1年高値更新,上昇,"25,191,289億円"
2026-09-28,2026Q2,FF,FOF_FFAS430A100,資金循環 家計の現金・預金,トレンド転換,低下,2期移動平均が4期移動平均を下抜け
2026-09-28,2026Q2,FF,FOF_FFAS430A334,資金循環 家計の株式等・投資信託,急変,上昇,+14.03%（z=+3.3）
2026-09-28,2026Q2,FF,FOF_FFAS430A334,資金循環 家計の株式等・投資信託,1年高値更新,上昇,"6,789,608億円"
2026-09-28,2026-07,BP01,BPBP6JYNFB,国際収支 金融収支,トレンド転換,低下,3期移動平均が12期移動平均を下抜け
2026-09-28,2026-07,STAT,CTI_TOTAL_REAL_YOY,総消費動向指数（実質）前年比,1年安値更新,低下,0.6%
2026-09-28,2026-03,ESTAT,POP_NET_MIGRATION,人口の社会増減（入国−出国）,トレンド転換,上昇,3期移動平均が12期移動平均を上抜け
2026-09-28,2026-03,ESTAT,POP_NET_MIGRATION,人口の社会増減（入国−出国）,1年高値更新,上昇,"110,464人"
2026-09-28,2026-07,ESTAT,KAKEI_CONS_REAL_YOY,家計調査 消費支出 実質前年比（二人以上の世帯）,1年安値更新,低下,-3.6%
2026-09-28,2026-07,ESTAT,KAKEI_GOODS_REAL_YOY,家計調査 財（商品）支出 実質前年比,1年安値更新,低下,-4.9%
2026-09-28,2026-08,ESTAT,KOURI_TKY_RICE,東京都区部 小売価格 うるち米コシヒカリ 5kg,1年安値更新,低下,"4,326円"
2026-09-28,2026-07,ESTAT,IDOU_TOKYO_AREA_NET,東京圏の転入超過数（住民基本台帳）,1年安値更新,低下,838人
2026-09-29,2026-09-25,FM01,STRDCLUCV,無担保コールO/N物 出来高,1年高値更新,上昇,"52,322億円"
2026-09-29,2026-09-28,MOF,JGB2Y,国債利回り 2年,1年高値更新,上昇,1.981%
2026-09-29,2026-09-28,MOF,JGB10Y,国債利回り 10年,1年高値更新,上昇,3.082%
2026-09-30,2026-09-28,FM01,STRDCLUCV,無担保コールO/N物 出来高,1年高値更新,上昇,"53,807億円"
2026-10-01,2026-08,ESTAT,TRADE_IMPORTS_YOY,貿易統計 輸入額 前年同月比,1年高値更新,上昇,28%
2026-10-01,2026-08,ESTAT,TRADE_EX_USA_YOY,貿易統計 輸出 対米国 前年同月比,1年高値更新,上昇,24.9%
2026-10-01,2026-08,ESTAT,TRADE_IM_EU_YOY,貿易統計 輸入 対EU 前年同月比,トレンド転換,上昇,3期移動平均が12期移動平均を上抜け
2026-10-01,2026-08,ESTAT,TRADE_EX_TW_DRAM,貿易統計 台湾向け輸出 DRAM（組立済み）,急変,低下,-4億円（z=-6.5）
2026-10-01,2026-08,ESTAT,TRADE_EX_TW_MEM_DIE,貿易統計 台湾向け輸出 メモリ（未組立のウエハー・チップ）,1年高値更新,上昇,"1,521億円"
2026-10-01,2026-08,ESTAT,TRADE_EX_TW_MLCC_YOY,貿易統計 台湾向け輸出 積層セラミックコンデンサ（MLCC） 前年同月比,1年高値更新,上昇,55%
2026-10-01,2026-08,ESTAT,TRADE_EX_TW_IC,貿易統計 台湾向け輸出 集積回路 計,1年高値更新,上昇,"2,079億円"
2026-10-01,2026-09-29,FM01,STRDCLUCV,無担保コールO/N物 出来高,1年高値更新,上昇,"55,072億円"
2026-10-02,2026-09-30,FM01,STRDCLUCV,無担保コールO/N物 出来高,急変,低下,-19.80%（z=-3.1）
2026-10-02,2026-09-30,FM08,FXERD31,ユーロドル 9時（東京市場）,1年安値更新,低下,1.1341ドル/ユーロ
2026-10-02,2026-09,MD01,MABS1AN11,マネタリーベース平均残高,1年安値更新,低下,"5,328,464億円"
2026-10-02,2026-09,MD01,MABS1AN113,マネタリーベース うち日銀当座預金,1年安値更新,低下,"4,136,678億円"
2026-10-02,2026-10-01,MOF,JGB10Y,国債利回り 10年,1年高値更新,上昇,3.092%
2026-10-02,2026Q3,CO,TK99F1000601GCQ01000,短観 業況判断DI 大企業製造業,1年高値更新,上昇,24%pt
2026-10-02,2026-08,ESTAT,LFS_EMPLOYED,就業者数（季節調整値）,トレンド転換,低下,3期移動平均が12期移動平均を下抜け
2026-10-02,2026-09,ESTAT,KOURI_TKY_RICE,東京都区部 小売価格 うるち米コシヒカリ 5kg,1年安値更新,低下,"4,051円"
2026-10-02,2026-09,ESTAT,KOURI_TKY_EGG,東京都区部 小売価格 鶏卵 1パック,1年高値更新,上昇,324円
2026-10-05,2026-10-01,FM01,STRDCLUCV,無担保コールO/N物 出来高,急変,上昇,+17.00%（z=+2.6）
2026-10-05,2026-10-01,FM08,FXERD31,ユーロドル 9時（東京市場）,1年安値更新,低下,1.1327ドル/ユーロ
2026-10-05,2026-09,MD06,MASDM58,金融調節 国債買入,1年安値更新,低下,"23,172億円"
2026-10-05,2026-10-02,MOF,JGB10Y,国債利回り 10年,1年高値更新,上昇,3.097%
2026-10-05,2026-10-02,MOF,JGB30Y,国債利回り 30年,1年高値更新,上昇,4.148%
2026-10-05,2026-08,IR04,DLLR2CIDBST1,貸出約定平均金利 残高・国内銀行,1年高値更新,上昇,1.51%
