date,value
2008-12,5177
2009-01,4951
2009-02,3935
2009-03,4696
2009-04,4205
2009-05,4406
2009-06,4716
2009-07,4556
2009-08,4700
2009-09,4688
2009-10,4565
2009-11,4909
2009-12,4849
2010-01,4885
2010-02,4225
2010-03,5324
2010-04,4448
2010-05,4890
2010-06,5211
2010-07,5001
2010-08,5028
2010-09,4884
2010-10,4657
2010-11,4815
2010-12,4839
2011-01,5158
2011-02,4661
2011-03,5229
2011-04,5445
2011-05,5357
2011-06,5419
2011-07,5401
2011-08,5623
2011-09,5445
2011-10,5370
2011-11,5999
2011-12,5004
2012-01,5313
2012-02,5039
2012-03,5788
2012-04,5216
2012-05,5684
2012-06,5240
2012-07,5979
2012-08,5740
2012-09,5125
2012-10,5778
2012-11,6283
2012-12,5233
2013-01,5815
2013-02,5605
2013-03,6453
2013-04,6010
2013-05,6177
2013-06,6111
2013-07,6903
2013-08,6407
2013-09,6704
2013-10,6673
2013-11,6657
2013-12,6974
2014-01,7005
2014-02,6477
2014-03,7483
2014-04,6667
2014-05,6536
2014-06,6538
2014-07,6965
2014-08,6312
2014-09,6990
2014-10,7049
2014-11,6825
2014-12,6841
2015-01,6787
2015-02,6233
2015-03,7098
2015-04,6740
2015-05,6615
2015-06,6968
2015-07,7908
2015-08,7690
2015-09,6751
2015-10,7668
2015-11,8270
2015-12,7522
2016-01,7236
2016-02,7126
2016-03,6841
2016-04,6228
2016-05,6517
2016-06,6511
2016-07,6677
2016-08,6734
2016-09,6503
2016-10,6804
2016-11,7181
2016-12,7159
2017-01,6918
2017-02,6600
2017-03,7332
2017-04,6571
2017-05,7333
2017-06,7268
2017-07,6889
2017-08,7571
2017-09,7504
2017-10,8039
2017-11,7676
2017-12,7866
2018-01,8221
2018-02,7383
2018-03,8228
2018-04,7184
2018-05,8273
2018-06,7649
2018-07,8899
2018-08,8070
2018-09,7562
2018-10,8855
2018-11,8838
2018-12,8023
2019-01,7979
2019-02,7448
2019-03,8206
2019-04,7967
2019-05,8998
2019-06,7369
2019-07,8521
2019-08,7887
2019-09,8567
2019-10,7899
2019-11,8352
2019-12,8030
2020-01,7777
2020-02,6298
2020-03,6732
2020-04,6791
2020-05,5823
2020-06,6154
2020-07,6561
2020-08,5603
2020-09,6784
2020-10,6411
2020-11,6351
2020-12,7031
2021-01,6909
2021-02,6349
2021-03,8049
2021-04,7919
2021-05,8080
2021-06,7953
2021-07,7442
2021-08,8675
2021-09,8444
2021-10,7661
2021-11,8869
2021-12,8182
2022-01,8723
2022-02,8499
2022-03,9473
2022-04,10061
2022-05,9651
2022-06,9416
2022-07,8017
2022-08,8538
2022-09,10154
2022-10,10836
2022-11,10777
2022-12,10313
2023-01,8614
2023-02,8939
2023-03,8903
2023-04,10043
2023-05,9430
2023-06,9462
2023-07,9695
2023-08,9397
2023-09,9708
2023-10,10418
2023-11,10192
2023-12,9474
2024-01,7683
2024-02,9004
2024-03,9981
2024-04,10089
2024-05,9872
2024-06,9841
2024-07,10829
2024-08,11311
2024-09,10125
2024-10,11030
2024-11,9660
2024-12,10209
2025-01,10614
2025-02,10372
2025-03,10090
2025-04,10001
2025-05,10604
2025-06,11310
2025-07,11465
2025-08,9109
2025-09,11274
2025-10,10042
2025-11,10294
2025-12,12411
2026-01,10499
2026-02,10696
2026-03,11775
2026-04,10388
2026-05,11098
2026-06,11497
2026-07,11201
2026-08,10969
